id,tasa_interes
144781,16.28
668605,13.55
933774,8.7
610539,7.12
529872,6.47
891581,14.9
508927,16.17
540840,6.08
839868,14.51
226027,8.13
850079,6.62
117933,7.57
376497,7.25
306271,15.21
216395,7.05
187931,19.26
713778,17.45
910640,16.61
426618,12.25
614002,6.69
523102,18.97
440338,7.9
938912,19.22
171689,14.34
220748,16.41
518162,9.43
105794,7.15
298142,16.61
993672,17.53
966162,15.28
265527,12.4
239921,6.29
558965,11.0
275009,16.1
313673,16.48
740965,8.25
839469,14.85
196569,12.01
817531,15.04
546538,12.17
765840,6.84
348127,15.37
257986,15.17
343718,17.19
386700,16.17
760997,8.38
468875,7.26
168902,15.45
900072,15.22
204671,8.73
903755,12.37
761278,17.12
247781,6.81
167730,10.37
381315,15.97
865223,15.54
383307,14.55
542271,7.9
817146,6.82
788255,11.35
104390,6.87
653926,8.66
463565,6.55
804841,6.59
533868,19.59
662243,11.5
202562,11.51
393237,8.05
119813,11.87
564872,12.82
447521,15.0
489920,16.94
711272,16.45
697811,7.12
800688,17.49
104698,14.91
534031,6.4
693372,17.92
428643,16.02
375957,15.9
155889,14.67
239699,8.97
309703,15.79
123141,7.63
973701,15.05
621986,15.97
509832,7.91
215695,15.05
434450,12.99
663151,6.71
753059,15.43
474568,6.28
539884,7.95
741991,6.52
464950,11.8
987387,14.73
463477,13.05
300710,14.54
773877,7.26
970580,6.67
440553,8.2
892420,12.43
756713,15.86
668913,17.41
289155,7.14
515416,16.98
192932,10.58
620918,16.2
844574,10.76
987452,6.8
639049,16.4
656066,6.83
675654,16.59
605882,6.63
780230,7.94
803374,15.39
662208,7.03
802862,14.16
725570,16.44
807499,8.08
354162,16.96
334478,7.33
633346,7.64
300652,7.1
667748,16.06
460715,16.08
892438,14.31
456175,7.73
255924,14.98
455949,17.44
239175,17.34
546759,6.38
580969,8.05
952040,7.04
254882,6.45
595456,6.85
125356,7.48
107840,7.3
116342,15.73
816492,7.07
925299,12.04
682006,11.75
692498,6.25
732105,14.41
947153,8.36
602337,7.09
738059,6.49
973514,7.26
817080,7.16
904618,7.0
278933,16.07
238604,17.74
928099,17.28
154437,7.67
483803,16.13
124443,7.29
113182,7.95
512199,13.98
210777,15.59
914506,19.88
728594,15.45
201817,6.97
528379,7.84
695565,18.01
999682,10.76
245235,16.86
379976,16.23
474037,8.19
256233,14.96
687537,20.0
271272,15.67
385660,17.97
652309,15.64
915944,14.07
674540,12.79
347229,18.83
606772,15.01
903651,7.79
709186,6.7
577763,6.99
733484,15.68
582732,14.63
741801,6.57
540690,14.93
884662,17.77
817114,8.69
593688,14.65
184463,16.15
870647,11.55
693474,13.65
170298,8.1
474154,16.02
323715,17.52
833184,6.67
295458,6.99
837247,10.4
590914,11.1
934767,6.96
236633,7.15
147401,15.09
250675,6.82
952085,7.09
988685,16.16
140172,11.34
644899,12.55
167193,13.77
623566,7.58
594923,14.92
118453,12.77
894188,13.01
338658,16.94
179225,10.78
708855,6.66
926271,7.02
596138,16.33
808971,17.98
646715,6.71
819485,14.59
758950,16.07
467742,17.6
638319,7.94
348617,11.24
509242,15.49
742338,15.11
814267,18.29
847578,7.21
172418,7.05
572997,14.9
666030,16.14
880434,6.44
550533,6.85
193250,12.89
272529,7.99
117649,14.72
627501,7.57
390381,14.85
694706,14.6
944047,7.27
197797,6.66
227305,11.13
631028,12.2
432833,7.71
644353,7.7
144969,14.42
944411,11.09
700275,16.17
273869,14.16
262943,7.19
460746,6.63
457090,7.11
670833,7.44
741853,17.17
179255,12.4
648469,6.92
342428,15.73
223963,14.19
534072,8.25
288842,8.54
904556,17.08
724394,7.73
593690,18.26
798128,17.06
773632,6.71
418915,13.99
140183,14.77
441662,15.92
624856,17.75
708117,20.05
499582,6.31
145740,14.53
886896,7.4
665343,14.7
109535,13.86
902742,14.78
749569,8.79
475530,15.68
958557,8.4
166090,15.63
498232,16.63
381224,7.37
364300,14.09
358951,12.89
984772,12.75
333146,6.41
334372,15.75
161857,14.76
242167,7.03
442180,15.55
172251,11.29
474136,6.53
816128,7.44
174492,8.52
870006,17.64
379355,16.74
696515,6.93
748990,12.41
592265,7.04
675831,7.27
820995,10.7
976558,7.81
998860,14.86
540107,22.51
163088,18.0
581366,12.63
522213,14.01
896345,7.06
535997,17.25
884710,16.95
593026,6.51
919069,16.38
200999,18.52
283845,7.72
680700,7.0
737196,6.97
788964,8.18
679723,6.86
894482,15.98
231494,12.5
146773,10.79
328835,11.54
916449,15.46
748591,10.12
545804,15.44
926083,15.08
146364,12.68
382858,19.66
908384,8.35
259357,5.91
969687,14.03
683694,18.25
654049,7.32
554095,7.73
191113,11.8
479983,15.44
601464,12.88
226272,15.65
633213,6.95
942543,12.67
935543,15.25
345714,12.06
638880,6.27
940959,18.35
906915,16.44
138908,15.14
583019,8.47
913355,13.71
355992,15.03
970650,8.07
292964,10.51
194438,8.25
804073,8.68
636531,11.99
892804,6.97
530504,15.65
708552,15.02
750553,14.8
995359,7.32
396360,7.2
506108,7.59
685744,7.17
667496,6.9
989170,7.76
222658,17.41
692991,8.25
514256,7.39
803028,14.63
972789,6.67
635226,6.91
160366,7.24
118795,15.5
976874,18.53
889548,16.45
189246,13.04
155109,18.45
754010,7.57
688932,15.24
470779,8.11
907205,6.96
517652,8.04
200523,13.27
630669,13.69
473964,15.74
538324,15.07
102228,6.28
263115,11.24
892137,6.8
439831,7.83
102606,8.24
121360,7.29
854001,15.25
721461,7.23
863935,16.5
768247,7.41
637669,7.05
505877,15.89
801848,16.7
249583,15.52
864312,17.4
116207,11.15
852306,11.24
274413,9.06
628501,6.07
416723,11.18
134446,7.25
910752,7.0
714423,7.17
463235,7.79
662003,16.58
517826,15.59
100622,7.67
414226,15.21
327310,14.94
222570,6.49
597909,6.76
293623,17.29
767012,6.89
892745,7.0
311785,12.3
657204,11.01
770723,17.28
505637,15.52
148942,13.41
167508,11.69
176505,17.8
996727,13.74
170105,11.76
103440,14.89
167600,7.24
349545,7.99
197264,7.98
806450,6.97
195656,6.92
885915,7.28
715256,16.53
289025,11.62
394728,7.96
151379,7.06
128236,8.18
147407,13.69
723597,6.63
449591,5.96
767990,6.83
790088,8.3
873300,8.57
578628,7.29
753983,13.61
726404,16.04
647453,17.41
355629,6.74
438610,19.54
447574,8.19
433480,6.77
711414,17.27
331007,7.13
299500,15.05
859001,15.44
462452,18.29
947949,16.62
411703,8.28
118030,8.27
659804,16.63
604481,15.23
224140,8.21
462331,14.0
196744,14.45
597983,7.29
451266,10.67
405656,15.35
654133,6.93
669287,17.56
771446,10.39
590078,14.22
204422,14.16
453116,14.2
824318,15.56
643815,15.9
647314,13.03
318351,15.14
759670,8.13
757271,19.59
915283,7.2
951813,7.25
776708,6.67
256386,16.67
721909,16.3
629071,13.05
793635,18.23
503303,8.43
649342,14.69
663563,17.56
853396,16.02
516489,15.98
755086,7.19
521335,10.87
967565,12.68
834801,11.22
907073,8.26
113247,6.98
169611,7.26
317990,6.49
725068,15.89
261713,8.78
661094,7.09
829783,8.11
342862,8.21
828078,20.77
674818,17.43
894162,12.91
250778,16.88
644085,12.03
251636,7.9
800168,6.01
630817,8.28
554373,14.94
163828,12.12
983390,16.23
594371,6.78
869061,10.63
371491,15.04
486296,15.52
969570,17.01
241931,6.51
845787,12.47
759213,13.51
344057,16.27
483252,7.13
257594,7.98
669699,8.58
506389,5.78
798703,15.3
344692,18.13
960414,15.28
271860,11.21
838999,12.01
523453,17.43
477087,15.52
149170,15.75
778111,8.26
359175,12.53
699106,17.95
176382,15.54
199297,6.36
878887,16.77
633248,7.15
347019,15.33
375046,10.0
194398,6.54
910698,14.79
900065,12.41
104245,12.86
405841,6.92
606811,15.09
426212,17.13
554416,15.39
696547,6.32
608441,20.11
579778,11.91
446710,18.22
588730,6.41
598287,16.13
594260,17.28
763858,14.6
377335,15.03
749286,7.08
670134,8.04
725243,10.73
181196,6.89
572729,7.68
760469,7.9
181486,7.02
206626,15.0
112823,8.1
769711,7.64
824305,15.39
737199,7.82
610959,15.69
506944,11.54
949725,14.77
690280,14.3
430063,18.76
774428,17.37
609439,12.21
436944,14.75
297742,15.78
587858,7.55
990607,19.37
663714,7.92
706909,7.23
946782,6.72
206542,8.02
773064,16.34
670028,11.72
805781,15.98
985108,8.35
848425,6.33
430229,13.76
434257,16.92
556649,6.85
673673,6.89
867976,15.58
709160,18.33
717259,6.58
219209,15.62
951142,7.98
258119,6.93
423930,11.48
848182,18.52
954396,15.86
359715,6.19
291184,12.42
368832,13.12
459892,6.94
251947,14.79
798448,7.04
767898,15.05
209259,16.17
157168,8.53
353981,8.06
753612,15.08
774069,15.11
266935,15.9
680804,18.97
425057,5.78
609614,15.8
135460,12.76
637747,16.19
661046,6.46
649640,12.0
627815,12.41
568205,5.26
580752,7.32
936047,13.79
784904,6.13
651892,14.04
201226,6.46
699148,15.27
799610,16.14
388693,18.3
494983,6.81
537514,12.69
240770,8.65
412124,7.23
852227,6.91
689397,10.83
556416,16.6
224152,13.61
473468,8.33
654171,16.96
734315,7.18
196162,16.56
426150,17.88
963198,8.42
305630,18.72
707375,7.98
350211,18.26
185365,11.46
849595,18.05
187254,18.68
578545,7.5
438384,16.49
221053,15.99
567027,18.52
964965,16.31
944473,14.96
919576,6.67
366892,8.03
499265,19.86
515113,11.0
116945,17.43
160162,7.19
634446,10.88
380640,10.92
288154,7.08
195536,16.13
824207,7.09
313322,6.68
315966,16.52
122109,11.04
869712,7.2
843408,17.02
388840,11.21
403465,15.56
232192,15.61
437563,7.19
742535,16.1
773746,11.58
161314,9.74
653109,7.32
165799,19.24
855623,7.47
734110,7.53
229439,7.11
869508,14.83
349256,12.5
225856,16.58
516627,13.51
377407,6.93
361369,7.16
149746,12.83
997601,16.68
937529,16.63
379684,6.58
502836,8.28
850613,15.36
902190,11.14
476460,14.2
294052,14.87
381679,15.63
609019,11.95
129261,12.41
836726,10.45
730699,8.24
642062,8.95
366329,8.04
664663,13.45
308763,17.0
124972,17.02
959008,6.73
460440,8.22
309082,14.48
415376,8.19
196982,6.92
383355,7.6
934142,7.22
837235,14.33
693271,18.05
102412,11.99
397568,6.79
582198,17.58
263841,6.57
109873,18.79
343221,7.43
880991,7.26
170131,19.54
234889,16.59
159319,11.49
499752,8.36
880235,17.69
372340,7.46
628474,8.25
365800,8.36
546969,14.11
189248,6.5
116059,18.67
804571,14.72
919755,10.94
560587,10.0
175655,14.69
908161,8.21
982957,5.88
398515,15.64
462981,16.51
356051,14.56
543215,13.38
895733,15.26
987856,11.85
208383,7.72
851599,9.19
663167,6.63
498692,7.52
672143,12.26
790970,6.77
971142,15.83
673749,7.24
118195,7.34
122742,7.28
444121,14.52
691871,11.4
965909,16.14
622168,16.7
357129,16.89
592510,7.02
899611,15.63
527897,15.57
153495,15.32
980534,6.61
163527,13.91
222028,14.19
852860,15.8
124482,8.08
791758,20.05
843403,14.73
383796,15.15
400138,15.65
847711,15.9
109286,14.57
341195,8.62
926304,11.77
177063,7.37
735765,14.11
477923,15.99
551234,7.62
824491,16.53
409936,16.59
726529,18.16
823278,8.4
413254,11.61
921686,12.49
684783,6.72
616346,8.36
467471,12.75
625972,14.5
918106,17.69
125775,12.57
162259,15.24
417343,7.72
505053,10.83
882408,7.43
653202,13.99
600363,18.21
885372,14.79
879743,17.56
340038,11.87
164298,14.96
499400,15.8
966730,6.71
737226,12.26
831579,8.24
153716,8.23
493188,19.19
260157,17.72
834164,7.97
362593,10.75
377038,8.52
416405,14.93
254535,6.2
281169,13.58
325741,10.76
112714,16.13
132896,18.46
670353,8.14
830205,8.79
947225,8.26
705233,6.91
205637,14.83
578676,8.13
443147,14.0
287026,14.1
869940,7.19
567514,6.73
483986,6.34
117400,14.25
222885,15.44
117296,8.31
347337,8.19
577407,16.76
296489,17.81
750333,8.34
447170,6.95
757286,6.44
609221,8.81
577291,6.51
292163,11.53
415904,17.69
723520,6.38
821936,16.78
454527,7.59
193290,6.87
954532,7.23
814164,15.0
489981,7.21
307572,7.43
642682,7.29
955298,12.25
291986,17.59
910383,8.01
902638,15.69
711881,16.2
943278,17.29
962974,7.16
203578,16.58
896144,9.71
633187,17.19
258694,11.67
885345,14.2
180309,7.21
255736,8.19
283083,13.22
644444,6.15
780043,6.98
573432,14.97
118369,16.47
553396,7.57
953658,17.5
289387,12.47
179868,16.45
358464,6.75
509134,15.54
653035,6.61
820262,6.93
304526,7.5
140452,8.79
546441,17.02
544187,15.31
409060,8.26
993864,15.95
354573,19.43
572594,7.34
504657,15.22
972870,15.44
471447,16.16
450885,15.61
327282,20.51
386025,13.34
218715,10.74
513342,7.3
434940,11.64
103863,6.79
638562,7.1
817113,16.62
812303,13.44
877505,12.06
920357,7.74
104504,9.69
726072,16.95
347589,7.17
246557,12.21
606391,15.15
738991,15.57
862928,6.79
949776,15.21
356543,16.86
866098,16.35
719952,16.55
815412,16.06
359722,14.82
875917,11.78
342550,15.68
570009,14.16
350140,15.07
139055,6.29
349031,9.23
719398,12.57
807494,12.65
604572,14.97
363787,7.02
990426,15.58
579215,12.6
187505,8.05
351676,11.65
408099,11.0
290038,6.52
348104,20.0
632893,8.67
636244,14.27
710671,7.65
216519,6.81
895346,7.57
641072,8.42
478889,14.88
429118,6.87
934290,7.33
920646,7.04
675608,8.07
686851,12.1
928223,8.22
586466,11.31
703075,7.01
728635,7.34
735299,14.63
424315,7.02
377952,15.07
204998,15.66
252816,16.07
528988,14.14
254744,17.2
409089,7.18
153382,12.22
587476,7.15
140771,14.82
784167,9.86
219643,8.18
287680,8.48
246872,8.14
279949,14.01
212633,15.43
403593,14.93
203501,10.23
656792,14.87
155882,13.94
573572,16.18
268320,6.57
894218,14.61
470898,11.69
498188,17.75
219225,15.79
773115,6.44
602246,15.05
542231,16.15
870055,14.74
861992,13.9
442203,8.07
706354,6.93
198180,15.9
629116,15.95
400761,6.29
178187,8.33
720843,15.93
397924,15.2
328624,16.94
888699,15.06
789556,12.82
927896,16.83
609191,16.22
448698,7.83
623355,9.45
781880,16.32
575941,7.22
404946,6.75
687191,12.89
154339,7.08
486502,8.36
315783,15.27
526056,6.98
634377,9.9
604150,14.98
705438,8.0
825682,8.43
495863,6.97
380089,16.07
142318,16.37
796601,16.02
768272,14.31
506580,7.3
969549,6.82
594887,16.75
429127,15.1
536606,19.36
362918,7.04
457251,7.08
127835,15.7
711147,14.27
111789,12.51
657253,8.41
938625,7.05
346633,18.14
216591,18.01
781365,18.06
967839,7.92
421745,7.47
753285,12.93
550750,10.64
516295,6.98
260376,7.46
989283,7.5
249743,15.01
955342,18.0
471912,6.6
904779,6.33
511477,15.08
389746,16.16
400390,17.02
940792,7.18
791231,6.02
907896,12.2
872017,13.26
272804,14.28
293662,14.3
758191,7.04
956427,7.18
399705,15.74
591967,6.89
907531,6.92
721725,7.97
592743,10.74
844210,16.63
578759,10.99
662223,15.23
696524,14.07
380972,17.77
985134,20.55
663037,7.09
186692,6.38
448332,11.9
328707,13.53
233611,17.66
683651,8.11
301401,8.38
868933,6.86
831735,18.6
957285,16.81
104242,15.57
238102,11.92
877185,6.71
299759,6.94
969298,14.73
374766,8.2
829775,7.61
793210,16.23
298286,15.64
252581,7.89
437076,7.11
729635,6.9
542427,15.76
617653,15.11
248528,8.12
817016,8.85
436711,8.41
831126,15.8
903637,6.34
818936,7.37
856183,14.91
866606,15.58
319243,6.37
520786,13.06
600273,18.33
908172,15.08
178430,8.0
825849,12.77
740348,6.61
470234,7.11
120983,10.98
511456,15.68
713366,21.86
395822,19.08
858325,11.22
235234,7.03
474812,7.07
169109,7.07
690464,17.34
639438,7.12
378308,7.07
426274,10.22
575528,6.73
965043,17.28
366960,8.35
263258,14.99
930586,18.0
684183,7.48
181717,8.02
478193,17.2
766633,12.8
520884,15.25
216943,7.72
448013,18.95
397169,14.81
758259,8.24
888614,16.96
154863,7.0
374449,18.24
475537,18.28
791262,19.55
826219,16.41
399604,19.72
253867,16.3
600396,18.75
742925,7.39
572805,10.98
879227,12.61
594179,17.94
565539,7.33
656592,12.42
352600,6.09
479184,16.74
541841,15.94
991096,14.82
352735,13.96
571037,6.89
243737,7.11
668912,14.62
375466,12.15
492559,7.74
509856,9.88
985589,15.63
425633,16.64
137550,6.94
979917,8.24
470771,8.18
298507,8.27
209105,16.42
542537,7.17
944596,7.13
480852,15.83
184979,14.57
818595,17.67
480030,13.45
819118,9.02
317836,17.29
669837,18.3
515489,16.33
253081,6.81
238363,16.56
596785,7.43
597132,7.52
422122,18.27
177098,16.87
424216,6.86
154305,15.12
406894,7.99
455910,7.25
912545,8.12
663186,7.57
511876,8.4
474439,16.56
158886,15.33
871714,16.02
529828,6.39
334384,14.35
144686,15.32
486477,16.5
261933,8.34
834200,7.41
503630,12.45
254041,16.12
638789,14.68
198587,16.1
313621,6.99
905181,10.81
625894,13.26
365534,7.12
445941,16.02
555572,6.11
785218,15.5
586921,17.82
822992,13.2
666297,7.18
135871,15.05
102532,13.97
308829,7.53
724403,14.46
571845,15.48
748850,9.99
873395,18.03
436561,10.41
729091,6.48
179512,15.29
765306,12.35
798253,11.69
767611,6.66
594915,16.72
225640,7.36
484972,11.94
276367,19.56
274583,15.94
154939,15.64
399769,8.7
370734,17.47
302228,7.1
339367,15.6
970187,8.2
242864,18.23
886280,8.18
708596,15.39
310981,16.05
890471,13.77
745497,15.79
301208,12.38
646702,14.76
384413,16.38
424953,16.47
842677,15.6
567723,6.94
225594,11.03
769539,7.72
795167,7.3
295813,7.69
892818,20.23
699252,19.23
549093,18.63
602167,14.87
412876,19.89
815061,5.91
314241,6.88
711835,14.48
505488,6.44
766282,14.97
678057,16.01
282165,14.86
872551,6.03
695680,16.83
891858,16.26
585976,13.97
379182,7.12
867639,12.1
926096,9.3
828768,13.56
611241,10.32
898733,11.37
954828,8.41
843238,15.05
826014,16.39
533292,15.65
176800,19.08
126179,12.74
336056,15.62
370726,8.3
918096,14.73
796250,15.21
191080,10.79
184812,13.6
912396,10.88
224369,15.26
878270,7.21
881920,18.84
476508,7.0
611661,18.37
911902,14.55
879933,17.7
102352,17.5
817524,14.12
340388,15.42
823645,10.6
121842,17.79
322559,7.38
557992,8.51
862621,12.38
725828,17.65
839774,7.12
366871,11.04
341305,14.59
523584,17.05
153344,15.64
931154,17.67
143191,6.93
559519,7.54
780143,7.12
151960,15.94
260736,18.44
675665,8.19
362276,15.73
221025,7.14
685031,12.46
505199,6.71
373119,14.43
410201,13.22
381075,20.35
540965,11.29
844992,6.25
732492,14.87
851323,11.54
171559,6.56
573249,6.8
479708,13.98
876952,6.94
282123,7.36
274725,10.83
522672,11.9
918189,13.46
336030,16.34
919655,7.23
490989,15.82
318221,16.42
896656,6.33
861827,7.97
395156,7.06
719562,9.25
250776,15.16
672876,20.02
837810,10.06
941527,18.09
114080,11.84
896525,16.06
684202,13.93
290738,6.89
698747,16.61
515370,6.49
844459,8.45
461279,16.79
505708,7.02
205266,8.25
809121,11.83
938394,13.96
850556,13.75
581780,13.46
601311,6.68
643649,6.29
444829,7.29
383719,8.03
603219,6.02
534742,7.05
644921,8.38
481818,10.46
182761,6.6
413987,15.76
885934,14.16
286198,11.21
605905,6.99
768015,16.55
851631,6.44
851499,15.02
938127,7.14
955908,15.61
471580,16.5
265744,8.76
421794,16.16
797636,7.08
461620,6.62
248377,14.54
897814,6.99
618056,11.75
695170,6.99
481343,16.54
186335,15.54
251922,15.58
920481,7.31
219921,18.68
527481,18.54
503832,15.19
667813,17.56
683527,16.23
563315,8.27
233927,11.23
983610,13.96
637044,14.67
407488,10.64
532677,16.34
755910,7.9
218779,7.27
527601,7.14
436100,7.91
206960,8.14
945428,8.55
974374,14.43
666078,7.26
629465,16.78
631520,8.73
233602,17.29
430279,16.36
604772,16.94
892321,16.13
181997,12.57
247917,12.86
394834,6.75
636997,19.59
933617,17.11
207894,8.03
256782,12.53
833504,8.03
539304,11.73
954980,7.74
316889,10.76
692896,15.77
206639,15.88
146904,6.38
177502,6.6
841912,6.99
410141,7.2
274923,7.13
122899,13.59
131675,14.11
678185,7.66
275832,20.1
336817,18.2
597633,8.57
610088,15.06
948209,6.63
712237,10.9
340331,8.12
902795,15.98
920547,7.15
270227,8.1
628371,7.21
570143,15.87
986195,7.59
353350,8.06
561621,10.87
322910,13.85
572578,14.19
301986,15.15
591530,17.15
843364,7.3
268278,16.17
670682,17.56
341753,7.52
978489,8.2
741128,13.78
280672,15.68
184353,22.81
600923,6.52
893133,13.8
657152,6.72
954658,12.17
400373,7.21
313183,6.46
886843,15.63
695259,7.26
653094,15.42
349629,13.71
345131,6.48
348517,15.52
340366,19.09
507159,12.72
427338,7.12
215145,7.51
368443,14.01
163447,16.34
803670,8.35
916873,15.53
838140,7.96
860280,17.85
683009,15.41
715635,14.13
874677,7.92
519069,8.43
167401,6.51
824496,16.52
130263,15.26
435530,14.34
421092,14.02
758976,10.4
137069,13.05
564451,16.37
271096,15.94
627966,16.48
351039,16.56
728991,15.38
583709,15.44
375645,6.67
742803,14.19
960670,15.09
704122,16.77
295729,8.42
429915,7.66
473718,18.43
534007,16.48
361473,11.9
208049,6.91
683157,17.14
429224,7.85
589911,8.54
651929,7.82
261430,7.28
873147,7.1
412536,7.18
833898,10.86
852728,6.16
617936,8.01
490044,7.09
645698,14.57
223497,7.85
685217,14.31
746690,15.68
122186,9.2
778361,16.06
244737,17.75
905073,14.01
273967,15.57
802441,16.4
783449,9.6
888630,15.4
769429,6.49
921734,7.15
777969,16.55
115176,7.37
119192,12.37
483601,14.59
897388,15.0
973541,8.67
811803,10.0
616662,16.7
869136,11.79
412432,11.57
891885,12.7
666774,7.99
414318,7.16
441959,13.88
823897,10.78
651451,12.47
795253,11.57
809391,15.21
497136,8.2
468657,16.0
566245,14.09
231283,6.79
272380,6.33
533593,10.51
214891,14.79
850181,11.33
574809,18.12
329205,8.6
568127,6.7
920106,16.47
167105,6.73
584360,9.59
162583,7.89
511758,14.43
596535,17.82
318194,7.19
867781,7.57
246128,6.34
177014,7.2
155986,8.44
499461,13.19
668955,15.68
205346,8.17
423248,18.26
967292,15.12
112518,8.08
767821,7.26
867483,6.82
806763,15.33
958285,18.02
252537,7.13
438066,19.05
556186,7.15
835651,16.22
708578,8.25
625438,16.21
835869,7.42
836859,16.62
650247,16.9
988982,7.27
831359,11.06
739303,7.36
137608,17.3
408455,11.89
238099,10.89
542828,7.52
148150,12.08
352346,7.1
549639,16.83
168128,15.02
339371,14.43
101824,12.56
581899,15.1
116552,16.05
211640,19.14
683094,7.17
477724,11.76
105622,17.1
143926,7.0
777330,11.83
405444,8.37
750171,8.06
910297,8.21
373805,6.75
528364,16.24
641970,7.15
883377,15.87
807165,6.71
169124,8.95
472150,15.35
347549,15.09
851475,7.21
175180,15.52
358041,18.74
273018,6.59
291017,15.6
712829,11.67
549471,12.32
646040,19.47
799944,7.11
252845,11.87
160741,12.33
837492,19.05
229614,16.26
985526,7.1
847238,7.81
234989,7.33
618438,15.06
582362,14.82
103599,6.58
305646,7.99
317468,14.11
109599,6.38
456100,17.86
635477,15.98
717902,16.89
577517,15.51
462548,6.68
740766,14.74
524277,7.67
867282,6.0
925916,10.53
940865,7.89
130924,6.32
939016,7.14
260705,7.22
456715,7.19
713131,8.5
603386,11.11
857626,15.17
773756,18.41
450585,15.58
921833,16.9
409181,7.86
376584,8.8
222590,8.97
150487,6.42
600013,16.03
266930,6.37
220877,19.09
956391,6.27
742481,19.59
599988,14.37
751554,7.2
311358,16.14
227224,15.44
341145,11.54
853081,8.26
556803,9.76
534883,14.43
183213,17.08
862086,16.77
670986,6.58
810720,6.7
871001,15.41
583741,16.96
909351,18.02
475451,7.06
748146,8.42
150075,15.07
713957,17.83
627157,10.43
838796,7.93
436429,12.64
598558,16.73
530056,16.71
906735,13.16
580845,6.83
906876,8.06
230554,11.28
594830,7.02
623222,12.2
962281,15.21
410847,12.81
464275,6.7
582442,15.77
846420,7.37
455157,10.16
927347,15.03
194090,16.57
767644,11.69
745253,8.85
859304,10.93
220511,13.67
264197,16.1
130657,6.79
382718,14.24
361490,19.52
212822,9.3
272678,6.97
785743,14.31
847624,17.84
702273,6.93
729131,15.72
194854,6.89
835009,16.1
170215,7.78
970403,7.66
423293,8.0
464410,7.98
193676,6.97
200346,8.58
610805,8.4
343164,15.17
331436,7.05
934251,12.81
428145,12.06
954132,16.24
683131,8.9
544671,8.03
723925,7.17
234645,15.59
534320,11.87
788427,6.9
862791,6.45
436418,16.06
758566,8.21
721526,7.7
841304,16.55
756087,14.58
351365,7.06
941133,8.34
751020,17.2
399531,6.64
964202,7.04
588510,6.96
416407,8.03
104341,17.11
823554,14.4
456604,6.06
990137,17.25
578087,7.5
884913,7.07
417901,6.96
516773,7.65
957968,17.88
654791,12.99
297386,16.32
466469,7.77
381847,16.04
260950,17.63
362765,11.26
919260,19.28
417625,7.71
726457,13.7
355945,18.71
884123,15.9
516077,8.01
920885,15.78
631726,16.6
634375,14.24
175953,15.11
942169,8.58
129974,15.05
851007,11.82
985084,8.3
790283,15.02
119061,18.7
465532,14.99
448323,6.86
900259,16.52
937586,10.25
626510,14.13
605841,6.69
462327,7.07
297857,6.43
391644,11.07
240154,7.79
304649,19.7
330982,7.04
631658,8.29
655640,7.97
663795,12.47
561302,6.26
399280,8.16
997921,14.73
312249,10.66
596069,8.09
174720,6.01
520691,15.18
131130,11.89
281013,6.21
464455,7.28
193193,10.9
503890,13.12
405517,6.29
122940,14.29
407178,7.55
700196,19.85
637625,14.26
162695,6.53
185667,16.15
920266,7.06
885740,14.61
517757,11.23
623529,6.94
610735,13.34
159339,18.71
304794,7.5
399942,10.9
983845,18.4
529781,7.17
858421,7.23
546464,14.19
649134,15.93
243667,6.55
317317,10.25
687780,7.87
216863,6.68
627975,18.0
943895,12.21
734036,14.12
278700,7.2
104519,10.92
365237,14.62
402673,15.82
491254,14.19
915485,18.41
310466,19.01
687819,16.55
338486,7.84
709949,7.14
429338,6.1
329596,17.6
530687,7.14
764404,8.93
196643,8.79
884423,10.33
584776,15.48
933863,16.3
926223,14.35
434162,13.49
391553,18.26
183448,15.07
181924,7.07
136456,19.13
569994,15.62
212778,16.3
206033,7.44
834239,16.33
629055,13.7
613137,6.76
594241,7.28
588223,7.74
675430,7.73
130608,15.27
717353,20.28
342436,8.36
397191,6.98
363642,15.89
809334,13.58
835807,15.13
196010,17.49
745987,12.51
331859,15.61
824663,7.22
369333,16.25
611167,12.31
462247,7.26
153403,6.04
710095,8.63
553490,15.29
505313,15.19
156777,12.6
595779,14.91
204941,7.07
493220,6.11
517952,8.18
725756,10.81
756810,6.89
165585,7.27
837538,17.04
992398,15.87
164931,13.31
728545,16.2
716701,16.76
512926,6.58
327498,6.93
550676,6.41
153105,6.76
634750,17.95
625940,7.31
954576,6.65
946748,16.79
920310,19.63
796735,18.13
876996,7.15
498656,7.16
316258,14.53
755812,14.87
867645,8.08
378207,8.25
219349,18.31
858843,15.48
279560,7.11
317011,18.08
160573,6.84
370386,6.19
100099,7.26
405551,16.07
381259,14.31
927521,18.89
582615,8.5
199274,15.73
440109,8.9
799635,6.18
472194,8.38
274671,15.54
655083,11.47
752314,11.82
892124,6.51
341744,7.98
591690,10.14
912814,15.01
125805,11.31
673521,15.98
424200,6.82
423452,6.2
179335,12.91
493809,16.45
141583,9.98
705427,18.75
325053,16.66
266937,15.48
556180,11.25
484368,20.91
656854,7.92
401389,17.2
355283,8.26
236203,12.07
551894,15.7
505669,12.71
107171,7.93
866690,15.84
906682,6.67
255513,17.73
106889,8.15
370948,17.39
979550,15.32
348149,17.42
670987,7.97
628855,14.11
870183,11.29
550187,8.46
753400,6.48
288386,12.35
556952,7.86
585409,6.26
325917,16.15
627066,7.33
978759,17.12
357250,6.42
871780,13.95
502753,15.06
167358,15.37
752625,11.3
115815,13.47
994468,15.59
508178,7.29
471921,7.96
535547,16.19
703318,18.16
970844,14.87
101943,13.02
701313,7.02
665191,7.28
501215,14.68
382964,7.25
221230,19.32
128350,7.35
940301,8.29
901148,14.35
416800,14.67
781972,7.22
551456,14.96
159707,10.6
954862,8.01
410552,9.64
104097,15.74
690427,18.83
957896,12.56
457264,13.91
861369,12.1
724580,16.24
780000,15.98
752185,6.96
641913,17.02
681004,15.26
317551,13.27
156661,12.21
299168,7.75
516752,12.44
330153,6.89
621328,18.7
548577,15.32
732460,13.82
491906,15.88
344616,16.27
618959,17.95
589375,16.21
227183,15.33
844524,13.14
148168,7.2
494926,6.89
509288,16.28
770791,12.32
393929,6.4
362863,13.29
131185,16.01
623283,13.13
887510,7.14
126400,16.9
431228,10.96
399112,16.7
692764,12.43
785488,14.01
458866,8.22
920115,15.84
968704,7.19
805531,7.34
916602,18.01
658483,7.04
354750,8.16
581117,6.22
730091,16.03
729339,17.28
919623,6.85
988213,14.23
771009,14.43
874594,16.42
820094,15.44
624199,16.75
862606,15.39
331751,13.02
316779,15.62
864435,7.09
127170,8.0
590303,17.51
589792,17.28
379304,12.3
995503,15.79
204234,9.55
464604,6.74
584203,6.1
279149,8.09
172644,17.16
232902,13.57
494837,6.73
479502,7.65
191797,14.29
684646,15.45
921604,6.76
173919,15.38
782783,6.76
881844,7.98
284183,7.97
641706,8.23
777006,13.71
203194,16.01
130296,6.72
501792,10.74
919262,16.14
581576,15.97
218312,7.92
793712,16.45
515062,7.45
648472,7.2
402905,13.27
519205,17.96
351069,6.83
705574,15.56
704693,9.61
528985,15.01
553799,15.46
695213,7.33
122631,7.28
629323,11.02
989484,7.83
371833,11.88
810493,14.72
224016,6.7
578282,20.26
809909,9.28
568400,7.75
262491,18.57
307585,13.15
163415,8.34
186777,14.32
162337,7.79
321233,13.94
229779,7.26
286408,7.07
805002,13.03
287578,16.44
166829,6.46
878166,12.18
755640,13.79
228020,7.93
819593,10.85
306557,8.06
363054,17.08
609550,11.03
693746,6.76
781163,15.86
340810,12.94
268633,8.22
987176,11.17
619874,14.41
975663,16.08
258446,17.09
535178,17.02
116603,16.54
160499,7.1
704709,8.52
973526,14.19
213021,6.95
889538,8.21
942279,13.2
811728,15.16
231011,6.49
851436,12.43
704147,7.2
308563,17.14
364233,15.45
569474,9.09
811564,7.73
417111,8.45
458643,15.34
181445,7.55
511257,6.88
864567,7.48
257447,16.84
574787,12.36
750038,11.7
911417,15.52
915985,14.57
436855,7.94
461499,18.67
595784,16.36
440096,15.55
878406,7.28
248355,7.93
914892,7.31
861925,8.26
907117,7.61
505105,12.15
677145,13.96
540067,16.14
393879,12.42
802939,10.35
103449,14.28
851123,7.25
505127,6.72
183778,15.8
327130,16.05
254017,7.18
948920,16.22
387276,16.61
825580,15.88
827528,12.76
997593,6.28
393334,11.07
736619,15.15
989344,16.02
738758,11.21
981857,6.89
579579,8.22
776516,15.91
302176,8.17
792768,14.6
960447,13.28
438730,12.37
331450,6.48
664460,19.05
273739,14.32
322120,12.54
919580,7.37
643595,6.45
940589,8.71
931987,7.53
164309,16.4
264966,15.56
554202,14.8
922660,15.96
644238,15.15
777362,6.96
567767,7.55
622663,13.75
902911,13.98
316634,18.02
973103,12.99
607892,7.16
648489,7.19
457041,6.6
629481,14.68
535829,7.79
233308,7.36
568648,16.32
307083,14.8
888625,8.0
316196,15.07
411292,7.19
920967,16.7
804272,16.24
859419,17.62
815084,7.19
670423,6.63
865137,7.04
432754,6.87
999058,7.86
252429,16.42
951816,12.68
372292,7.01
908412,8.83
259560,6.84
177658,7.06
237516,15.71
555305,9.56
220090,15.45
265139,7.9
850135,6.97
951801,5.45
461263,6.69
381648,18.82
845505,17.57
892868,7.28
526470,15.14
989842,15.93
984734,14.58
630881,6.68
345894,19.0
159126,6.77
391995,7.2
632149,7.89
543032,17.74
196885,11.81
767213,11.78
703213,6.05
825532,11.18
377086,16.07
270524,7.09
726669,8.96
889546,7.05
471534,15.86
431875,16.23
232740,6.85
847437,7.23
292256,23.4
237618,15.77
512067,6.46
221505,7.0
588430,12.98
733650,7.47
750514,15.98
994312,11.76
310673,15.15
691672,7.67
418748,23.72
695972,7.41
591997,10.38
832411,13.83
603472,13.08
727694,7.58
658635,9.15
524839,6.65
616444,15.54
360198,6.76
598020,13.93
622194,6.37
133020,7.75
119499,10.9
294776,6.63
374838,11.66
348929,18.38
669209,6.64
992684,17.69
116485,14.01
525495,17.08
628165,17.75
393516,6.95
723853,8.25
795410,16.02
635170,18.13
993942,11.85
370429,7.87
274668,11.17
843969,12.78
620736,17.93
705721,16.04
828399,14.36
154097,12.45
856713,18.04
639246,13.34
708233,12.59
992912,8.52
685722,13.61
618940,12.68
161123,15.29
131259,13.91
615046,15.9
528901,14.7
705734,17.0
655165,8.13
804953,16.17
714318,8.27
330068,15.33
616027,7.0
525485,11.55
556153,6.86
990209,6.14
562499,8.36
218433,6.51
853768,15.15
920445,7.65
201262,18.81
168334,8.08
917342,10.32
311792,15.2
255717,8.46
809145,15.04
284633,7.45
183325,15.07
175408,13.45
920453,7.71
650396,17.05
398665,12.55
206296,16.37
538815,13.89
261295,16.12
496221,7.21
375407,16.47
880755,16.07
894871,16.73
458438,10.71
700403,8.11
776965,12.04
609693,6.2
990879,15.98
494313,14.14
520188,7.93
499409,7.08
709039,7.04
447181,6.96
742243,14.35
626501,19.17
225701,8.41
255604,17.97
811128,17.88
686654,11.8
861156,11.04
512584,15.55
840687,6.98
944977,18.27
388442,6.89
354613,5.91
965778,16.75
526177,12.4
604519,16.9
703831,14.08
577774,10.05
161293,14.53
871459,10.85
331364,13.97
987226,10.43
258038,12.81
554784,6.95
508176,6.74
206116,17.47
157092,14.5
183302,14.06
750460,16.92
185217,16.78
503592,15.69
785122,13.05
226266,7.97
844361,17.48
199413,16.08
464252,11.71
540839,12.62
218968,16.55
824799,14.61
854944,15.18
926025,8.66
425621,14.61
660934,6.9
167335,6.77
100226,8.16
488779,7.52
516272,15.48
857510,6.41
587048,11.65
500329,11.85
617089,16.11
435067,7.03
871521,16.43
146257,11.06
719990,16.62
525467,7.93
915867,6.32
662695,14.18
321635,16.53
961721,12.38
864754,15.35
179181,7.42
414222,11.74
484959,6.89
167880,13.03
702094,14.88
115043,14.72
230249,7.88
366418,13.78
581998,15.76
597483,7.15
490297,15.55
908096,7.7
339100,13.67
135872,14.27
770826,13.74
795705,15.88
922056,9.78
623432,16.52
501583,15.12
768053,16.5
539324,11.91
945390,13.37
462071,10.88
392976,8.14
774075,20.31
936059,6.99
741034,13.98
108509,18.58
824618,7.03
909814,7.05
186275,20.93
857531,6.63
769217,15.81
510239,15.56
679862,6.26
808931,10.7
934850,14.78
670582,12.64
451721,19.49
223663,7.35
534142,8.03
111579,6.4
609724,7.92
626353,13.93
744527,8.56
341875,13.61
350579,16.02
401035,15.21
611746,7.5
662998,12.86
574653,11.02
546472,15.77
627541,12.72
288061,7.22
197202,6.93
318215,11.37
600418,16.2
385042,11.98
527003,16.6
362094,13.13
795432,6.93
435374,14.21
211110,8.78
617571,13.81
785709,11.27
701946,12.6
174321,10.12
455837,15.13
763102,14.96
338759,8.52
854469,12.22
247518,15.17
854990,7.0
242351,8.74
975013,12.52
452283,12.48
575785,6.74
301634,12.77
520425,7.83
100427,8.76
188291,17.0
750512,17.36
665782,11.16
623881,8.78
220634,16.92
792343,10.53
120560,19.3
434180,18.37
686169,15.06
625306,14.5
507089,15.19
307456,6.91
871919,7.94
495935,18.1
883530,6.24
186313,13.08
874549,19.82
789501,18.03
626328,6.43
433268,8.76
689700,8.3
625925,7.14
599111,7.56
484524,13.54
719139,9.86
874588,6.67
282112,6.98
280498,15.82
697115,15.88
459267,17.69
548742,6.8
804771,16.47
380861,6.92
822689,13.2
362563,6.05
944887,16.22
616652,11.24
867788,16.93
961027,15.5
365611,16.32
122883,15.42
994595,14.1
521735,7.18
221664,12.7
729974,16.68
497531,18.96
631167,12.06
512275,16.0
433155,7.39
880722,11.44
294447,7.21
958486,19.58
847025,7.71
307102,10.68
424203,6.39
515109,15.89
263931,14.91
756515,7.19
885004,7.74
598654,13.07
158870,15.88
490217,6.97
745210,12.86
399188,6.81
982574,6.88
577093,13.66
665099,12.32
593594,15.5
296460,15.79
164863,6.34
699800,10.67
800627,14.17
141562,7.27
926218,16.13
550358,7.13
156471,7.93
587581,7.55
269999,18.8
164193,6.85
345860,12.09
878577,15.28
123787,6.19
664312,15.39
692860,17.56
508494,6.51
482658,6.15
827717,12.38
737592,11.76
656035,15.44
770853,17.22
301291,8.15
824438,8.37
767933,16.37
900957,18.59
362852,15.77
293062,12.42
389338,14.09
193597,8.75
676916,15.29
860775,6.99
396117,13.35
455553,11.1
259214,8.54
893800,15.38
230100,15.6
800710,8.14
759543,6.82
864546,8.41
155683,6.76
601529,17.56
311549,6.63
752362,15.69
610885,7.05
132961,6.76
887895,16.21
758513,7.38
142343,18.79
980343,6.77
775616,9.33
554340,8.24
610896,6.92
720016,6.35
547442,6.09
345320,14.74
492916,14.76
664115,16.17
771300,14.89
443796,15.28
360833,13.1
268053,11.08
361915,7.0
766714,17.45
408044,7.14
276976,19.49
977260,13.49
360491,8.3
679437,15.03
499355,11.35
812411,16.97
797545,15.09
786065,10.76
895285,7.08
339070,15.29
385934,17.51
557690,10.73
984933,12.05
698164,6.54
488346,9.38
535160,11.68
197541,13.73
299791,7.82
982522,11.22
641447,18.42
636022,6.24
797731,17.41
954203,9.59
598848,7.0
800665,10.96
426495,15.04
165160,7.0
296773,15.89
482250,7.73
629785,17.11
191510,7.07
939562,13.63
995469,6.48
296803,8.87
942648,13.42
496963,17.06
381748,17.15
641272,7.94
700121,6.91
711941,14.88
612736,12.99
446118,6.93
519405,7.5
679019,15.08
659930,6.93
936435,6.36
396588,20.0
110918,18.29
654929,15.25
557087,11.27
429895,16.4
781966,8.12
297669,15.21
507255,13.76
921305,14.64
419976,6.8
320201,8.49
136197,7.4
586379,7.05
610090,13.61
378272,14.76
398717,15.08
934297,16.59
650759,11.84
503504,10.81
489751,18.23
480500,15.64
339640,8.47
895200,14.28
409987,6.92
248909,6.49
854014,16.59
892325,18.18
758860,6.83
261924,7.18
875138,6.94
485234,15.92
567535,15.55
722319,7.08
408027,14.53
987205,12.76
756057,8.4
650903,17.24
833889,18.41
902959,17.18
978367,15.29
518707,6.32
158158,8.26
923496,17.51
191252,7.96
584187,8.42
200314,15.58
345738,6.8
393864,14.72
619914,12.58
172224,7.88
337446,15.64
857898,8.39
734633,11.89
744702,6.23
800855,7.21
478655,6.79
612892,15.81
439145,10.88
487368,7.23
101736,7.34
985884,14.91
187749,7.1
587198,7.96
950339,5.92
172179,12.81
971270,15.4
518782,6.18
228195,13.97
467489,7.06
212328,14.76
884264,13.21
826896,6.86
445125,6.42
449895,6.74
422508,15.02
915435,20.55
224139,16.57
607614,13.8
368057,17.69
452107,14.73
134129,6.48
468378,7.22
384449,6.56
377745,15.62
624411,7.5
126027,7.15
432092,7.19
386209,8.19
987741,14.21
823865,16.22
418027,14.32
804248,17.36
768417,11.25
291398,7.76
744854,16.05
639104,16.42
946933,10.97
613755,15.7
458195,8.5
262853,14.93
598122,12.47
215915,6.04
557526,9.39
976617,6.83
894599,8.71
963815,17.78
150920,14.58
479632,7.65
224560,17.76
861412,15.5
771324,10.56
430182,7.19
115343,15.67
404892,17.54
751754,16.41
229197,16.28
849148,7.07
443096,7.2
457530,16.05
878727,17.07
558061,8.2
874456,11.65
899559,14.09
477455,9.64
411298,16.02
564272,14.68
311261,7.45
513530,15.66
256265,11.38
924750,6.83
354443,6.87
423891,6.54
500975,6.34
838188,11.71
977005,15.95
125424,7.14
660115,15.31
977456,12.23
355424,14.88
695519,8.04
417178,7.93
575018,17.27
575277,15.67
458291,18.38
467291,6.45
705652,17.64
538192,9.12
219213,7.82
293471,17.93
781925,15.97
673804,12.81
688468,7.97
847989,12.54
601577,12.72
126780,7.29
365205,15.13
799603,16.77
839746,15.82
896170,6.4
693792,8.35
578911,16.29
206454,18.53
302134,15.79
406280,7.24
562653,16.16
850712,8.33
276004,12.01
975750,15.76
118670,16.81
813099,7.47
539056,15.86
209548,16.54
344638,11.01
663403,9.24
355535,7.98
749115,14.91
574685,17.85
686089,7.09
875952,7.18
944497,7.4
248812,18.92
593757,14.66
686751,6.78
899063,13.66
552648,13.58
203250,7.88
553093,6.09
611808,10.82
531342,18.44
278659,10.79
480343,7.93
721793,14.79
821071,7.4
115625,13.05
258650,6.67
554552,11.86
151386,7.78
216324,17.15
824175,17.34
468456,6.45
970312,15.05
696352,13.62
454060,6.55
165817,14.51
646461,6.85
861037,8.3
291728,12.93
938988,6.93
813690,17.83
200150,13.78
878668,5.88
630872,16.95
174170,7.35
241844,7.72
504097,6.41
314509,14.27
199621,7.05
166647,15.16
325423,7.84
617282,10.26
611753,6.48
403893,19.8
151624,11.03
811120,7.33
780256,14.33
961068,6.77
215633,8.04
223530,8.49
915994,12.53
696938,6.34
743750,16.97
313502,6.9
438543,14.93
606052,7.82
866077,8.31
950987,11.0
768814,8.01
846573,11.55
617449,11.15
255012,15.8
586299,16.72
743664,14.15
946286,8.28
120940,8.31
473790,7.87
915365,11.97
809624,8.31
891837,12.56
538607,15.07
678451,10.11
493839,11.62
810751,7.43
285816,6.26
378567,11.0
575202,7.19
226524,15.68
180118,11.77
707290,16.24
892073,7.43
403154,13.96
990380,14.6
571248,6.98
225308,12.69
742325,14.02
590196,17.73
469337,14.45
759396,16.58
276309,13.06
706433,16.99
148086,19.3
395389,19.23
217213,7.87
951304,16.67
662610,7.17
929238,12.33
994269,15.48
256347,15.12
876193,12.99
185206,7.13
709488,12.03
775286,15.81
646341,13.14
392607,15.28
352246,12.47
549522,7.73
599286,17.18
853608,14.23
202521,6.17
197747,8.18
490675,13.89
257568,6.72
473690,17.02
357765,12.94
947140,8.23
460315,15.78
412795,14.61
533194,20.96
954089,9.97
381365,6.81
547513,8.86
784769,17.44
258230,16.11
406085,13.63
647296,7.17
188415,10.17
100933,15.31
810838,8.2
406520,14.76
440428,15.0
835587,16.17
908150,17.59
361902,10.92
854991,15.98
372683,8.94
727858,7.7
489432,6.97
225903,12.31
438142,15.97
346046,15.78
130644,17.76
922194,7.57
325487,11.68
346461,6.65
835151,17.4
894024,7.21
670405,6.91
504190,14.96
223881,16.11
740631,7.17
467695,17.5
516954,13.49
672037,7.28
559853,15.14
407921,6.5
269132,17.28
625642,6.31
976341,7.25
545636,8.59
306048,14.36
911447,15.08
198139,11.24
167900,15.91
772976,15.18
222798,13.89
120021,13.09
752586,20.47
690663,13.53
833473,16.07
380343,12.61
329392,15.81
296303,17.23
146992,15.0
353759,15.39
384635,11.36
672045,16.81
236212,13.93
119265,11.7
350096,17.5
252762,13.4
307212,15.11
338584,16.13
585346,15.5
488205,15.4
190169,8.04
960667,19.77
815271,6.57
933674,15.86
582088,18.59
548155,6.56
425100,16.85
770169,16.08
562877,7.04
955655,11.19
354405,16.6
186573,7.95
146872,12.91
900391,6.95
480224,9.44
322845,11.97
485948,11.93
201594,8.13
753811,10.52
598061,15.75
399123,17.78
573984,13.67
470723,13.07
580164,7.67
466865,15.53
287932,18.88
858390,7.25
400633,7.96
258431,11.38
499432,15.54
313228,10.99
826462,7.99
577899,7.04
703555,8.08
809406,11.32
465754,7.06
835166,15.03
710490,8.66
544275,15.62
450647,12.48
354319,6.43
420825,8.24
510797,16.71
611966,7.34
755443,13.88
225497,14.89
936062,14.41
730433,11.9
227397,10.33
718090,13.38
182695,6.99
769459,15.54
577245,16.63
608309,18.16
369285,15.68
176180,15.17
971938,7.05
227979,12.0
993561,6.93
282167,16.55
620440,17.93
289704,12.58
374785,7.94
327539,14.0
359812,14.94
643872,7.73
957999,15.7
149044,12.46
728616,7.63
734284,8.65
142430,7.25
586532,6.87
946518,15.22
718283,8.17
424084,17.68
760784,12.81
486751,8.27
899851,15.15
577709,6.61
901159,15.47
190788,12.68
245219,17.2
877925,7.69
315727,10.82
604810,15.6
361610,7.02
690479,16.32
316008,14.29
157152,19.48
319902,16.1
770564,11.46
227786,6.69
662507,15.58
891682,12.26
913215,15.7
829696,18.03
955550,7.88
159723,12.6
763866,15.78
354045,10.7
564287,14.22
909864,15.47
611046,13.9
942459,15.71
738232,10.58
914681,14.85
358992,12.9
438857,6.63
840492,6.49
963185,8.97
941988,10.7
666244,16.4
873618,16.39
253105,7.14
199894,8.66
134414,13.94
296434,17.2
911694,8.53
223590,8.49
610635,7.0
927407,6.91
335997,15.65
106172,13.53
368163,15.92
480439,14.57
112016,12.64
107015,14.32
304633,7.9
856045,16.65
619964,15.97
115097,8.33
266639,18.05
677556,16.02
985022,13.32
195350,16.25
496982,10.43
934702,12.78
883986,15.78
452508,12.33
998380,6.58
597154,14.97
657084,12.36
520104,7.51
963404,14.72
999060,16.17
195923,18.51
811537,14.53
977972,12.11
808664,15.26
853637,12.29
818452,15.79
178114,6.28
965899,8.04
219280,15.31
646398,7.83
273769,6.96
818385,8.98
801964,8.58
751589,8.72
566522,6.85
955513,8.0
807605,11.98
106035,8.04
322782,6.75
892323,17.12
153594,15.09
445683,14.99
192716,15.86
389847,16.97
423500,16.93
987206,16.15
389704,15.47
242336,7.19
782607,7.45
717058,7.32
985122,10.25
882092,16.12
663250,13.6
953806,7.31
923873,15.65
135686,15.89
714110,7.87
394265,7.76
305791,13.75
882142,6.62
468056,6.75
964357,11.84
600021,17.26
857182,15.06
781883,7.97
335624,14.44
263564,9.88
464483,8.26
868776,15.45
993019,11.91
456076,15.78
966569,6.89
236587,11.11
862589,12.2
664229,7.07
641281,6.13
698436,7.91
568000,11.6
760190,11.69
288438,8.22
984738,15.29
946878,7.24
973681,6.51
292117,7.46
513918,7.4
907347,17.87
885045,12.33
661827,7.76
455479,13.31
152645,14.86
862756,8.15
130356,6.44
895636,14.76
447542,13.66
484373,14.33
276647,7.98
162613,8.03
464570,6.65
329901,7.31
390189,7.62
360475,14.54
359275,13.81
843730,14.09
852468,16.05
373714,7.31
750729,8.26
729706,7.25
921483,15.03
907551,9.21
740566,15.15
129230,6.58
332174,7.4
924409,10.89
362902,7.32
599280,14.66
521345,13.88
707207,11.99
749022,7.1
366067,15.56
821950,6.79
376151,11.23
915096,7.23
307185,8.97
847920,15.77
149452,14.33
628463,16.33
250074,15.72
961415,15.47
175436,14.93
254609,15.07
389217,14.93
637880,8.23
223985,15.73
174546,14.07
611938,7.95
593329,7.18
915704,8.36
560431,11.85
119934,8.14
420798,17.75
906345,6.69
658984,7.44
760222,8.0
531953,7.33
349384,6.91
177345,12.92
700140,15.11
591162,6.49
690439,6.93
935923,11.59
340156,14.23
262818,12.62
821573,7.64
131788,18.18
557554,17.07
457984,9.38
836610,11.26
216016,6.37
466060,14.94
750612,7.17
320176,11.77
278739,17.4
231082,12.92
130681,14.65
164276,6.67
925513,15.88
105882,7.4
927775,8.03
477287,16.11
750540,14.66
820719,6.99
526590,7.48
787905,15.64
692926,8.04
675300,20.58
564037,8.29
193341,10.97
789105,16.12
617954,12.3
445671,6.28
253785,6.63
163750,13.79
641636,15.56
241721,6.79
193974,19.09
870903,17.47
493599,8.79
605124,17.07
159766,8.19
926224,12.34
789290,15.72
410919,17.32
775001,12.47
100813,6.05
522386,12.12
713936,8.17
338631,13.24
702292,14.85
980623,17.78
457688,6.5
129579,13.29
612249,11.36
557678,11.05
304586,12.53
832245,11.76
341185,11.04
871145,13.31
956973,5.35
416385,6.24
535879,16.94
365604,6.34
104365,7.12
606251,15.14
472009,14.6
779982,14.79
418554,7.79
597911,8.22
718421,6.75
294773,6.1
838632,12.39
728014,16.34
415308,15.17
214326,7.94
951777,10.92
676453,6.76
171026,8.07
222801,16.83
548447,13.36
275790,15.72
868385,16.66
622020,6.91
633888,16.39
314896,7.62
804078,13.81
346997,14.55
159458,17.08
580994,6.38
175514,8.08
188928,6.98
312047,16.3
580490,7.63
130204,15.86
493472,15.61
884534,7.79
351769,7.15
256239,14.5
818051,17.57
938346,8.15
708523,15.73
817214,12.28
239644,16.28
226392,14.69
776792,8.16
512079,7.27
714268,7.22
874690,16.28
537687,7.92
310530,10.74
522836,6.77
712313,6.97
173169,15.01
660735,14.75
906356,15.19
426460,15.51
576226,7.9
589482,6.46
712390,8.94
242067,14.37
340605,8.36
240018,18.43
676877,8.24
966215,12.34
781324,18.37
353929,15.31
576087,6.81
542907,13.59
624941,7.92
664645,8.15
873316,16.45
965338,16.94
889047,6.88
962919,14.5
473724,8.57
186310,7.05
975815,10.88
747352,11.36
695583,7.06
440159,16.31
150886,14.18
323800,8.34
751025,12.16
426770,15.84
766850,17.01
654854,6.54
599769,15.3
196915,10.38
968861,6.22
196080,13.03
744395,7.03
433259,8.35
715028,7.03
593080,7.41
661731,7.22
380482,8.14
304134,16.95
358517,14.76
894629,16.99
448543,16.83
750413,7.29
418361,18.04
902121,13.01
574696,6.86
102500,8.64
539442,10.01
584284,7.84
885840,14.94
230671,18.32
968757,8.28
996667,6.43
285378,6.64
809041,15.78
271324,14.53
806423,10.78
717684,7.6
672534,15.48
164589,9.35
396500,15.59
844012,7.89
323525,12.24
372499,7.17
363177,18.38
283043,8.03
989523,14.53
597207,18.3
659362,8.22
857877,8.52
676245,6.34
369398,14.68
777847,7.24
736480,7.07
478376,6.46
484086,12.17
812763,6.95
766875,10.71
107118,13.42
324274,7.93
461662,6.17
443918,15.13
745303,10.94
319593,7.99
125320,8.24
854328,7.8
373059,8.49
155157,7.51
735031,11.06
471169,7.07
957408,13.79
428820,8.84
911213,23.16
772840,15.06
840912,17.53
299583,15.5
162574,6.85
465124,6.77
701387,15.41
982663,7.77
368955,14.25
531531,7.18
802496,15.49
367553,6.54
198614,7.16
676663,7.09
903203,6.62
531511,15.1
579879,10.65
745316,7.64
941337,6.92
452472,7.74
553327,17.28
967332,16.28
640205,10.43
727315,6.32
779901,12.69
217821,7.89
991933,15.77
207443,9.77
191838,6.97
325003,8.02
840259,7.08
657248,8.32
415556,14.73
923947,5.96
898536,15.84
931697,7.1
309893,11.11
187417,7.06
539903,6.71
749224,15.72
696973,7.09
185432,8.86
597862,9.13
275858,12.43
654579,15.84
301701,6.63
473811,15.82
795054,13.93
688627,7.44
712972,15.04
948279,16.36
635454,6.67
802256,7.54
699434,15.86
332752,11.52
866256,15.67
382152,6.53
507051,8.42
351199,15.75
251284,18.34
615020,19.26
815111,8.72
599763,8.12
472336,16.19
666431,15.4
392244,6.94
183196,17.75
846893,8.26
983107,16.28
911953,11.92
327222,12.03
817024,14.42
678344,17.64
489944,7.86
350202,14.58
104000,11.62
154931,14.21
234037,6.9
693537,7.44
618436,13.85
956176,13.16
790225,15.76
929802,6.97
998301,13.76
143668,6.29
262709,7.84
686559,12.39
451406,6.83
443758,12.33
663376,14.98
871094,7.12
852648,15.87
321513,16.41
247496,15.2
899992,11.46
977735,6.89
442738,6.07
664145,18.88
831097,6.68
741932,11.33
897915,8.14
697538,12.71
332759,7.46
915963,7.25
320591,12.63
823069,14.83
837496,11.15
319882,12.43
301899,11.7
875388,12.59
493439,7.56
488545,15.26
949101,17.38
371557,6.53
901567,15.83
536855,11.4
105713,15.27
390194,7.25
181575,12.8
275055,8.03
620920,15.69
366359,16.48
305564,8.18
915515,7.6
955999,17.65
231785,12.69
478337,7.25
561361,8.13
190401,7.28
236774,7.79
162883,11.11
797604,11.44
528333,16.22
801504,8.24
157880,16.39
874410,15.93
602155,8.45
943074,18.31
318569,19.36
564486,12.76
760166,7.77
108537,11.92
330315,12.85
443039,7.33
233051,6.98
681523,15.0
344237,7.18
250534,12.45
225770,8.65
490104,8.58
516052,17.03
955454,17.68
353052,16.15
110667,8.78
137278,18.57
823093,10.96
593449,15.06
573810,19.05
739912,15.6
809101,7.84
343557,19.47
653429,15.22
841373,17.8
436435,15.92
124835,16.45
702316,8.88
644262,17.74
346959,15.26
776223,7.16
692533,7.48
303884,7.14
323905,15.92
312345,7.32
756257,7.21
441148,8.49
559645,14.12
852253,17.35
152598,18.91
904021,15.14
497570,7.42
654439,8.33
755865,6.72
897279,17.92
920517,19.16
251270,15.7
176067,7.71
256559,15.64
355063,23.24
521448,16.41
155873,15.36
926917,18.26
983161,16.77
730819,12.48
717460,6.75
535385,8.26
335818,7.19
585705,7.14
872219,6.59
747935,7.96
767204,13.64
380857,14.25
968962,8.09
301591,14.37
499508,7.65
467565,7.93
229297,18.25
283684,7.21
727637,6.84
225196,8.24
354044,18.14
483676,10.95
577024,14.04
275849,12.86
461651,15.19
208249,15.99
652414,7.47
483280,7.06
653719,14.82
100123,10.69
770553,11.89
813505,16.38
900930,17.25
341785,7.13
163420,11.92
503153,6.86
589502,16.71
785291,6.77
263336,7.12
558652,14.18
329633,7.62
986880,19.11
193967,13.99
694118,14.61
206026,7.94
322252,9.98
531892,7.03
438860,14.47
573240,12.79
326478,8.57
590501,7.35
777242,16.77
521913,16.92
228999,8.01
647088,17.62
409600,12.65
927507,6.74
698930,11.85
200510,8.35
890778,15.89
879888,7.05
484444,8.52
786809,7.42
466757,13.98
155371,12.24
705456,14.49
742779,16.23
998866,7.2
967027,14.45
111354,7.31
453370,12.71
684407,7.67
800977,15.8
770609,18.91
389178,15.27
261257,7.24
910984,15.58
142421,11.18
426010,6.06
757006,15.52
290353,17.42
130826,14.31
547906,19.47
520558,6.82
103035,6.48
586091,15.64
968562,17.28
667357,6.97
395103,11.79
265589,6.37
975230,17.09
718415,12.24
273764,7.07
515234,13.51
279062,16.59
472916,6.14
327963,14.02
656330,16.35
981804,15.27
486100,15.46
442421,11.61
776111,6.89
850858,17.38
201574,13.17
806977,13.51
128898,7.26
346518,15.56
194078,15.94
796013,13.27
944512,7.47
279152,13.44
543019,9.26
846228,16.68
154958,11.39
232376,14.9
860204,16.22
978488,7.08
229512,7.17
858422,12.31
227346,13.47
488744,14.5
291718,7.26
737826,18.11
469921,11.93
890499,14.71
907414,15.07
868247,17.81
364227,16.5
807648,6.79
533113,6.64
276363,15.86
207494,16.2
226767,16.46
352427,6.18
128723,15.55
399550,8.07
473403,15.69
678721,6.68
938267,15.72
541777,16.04
541786,17.08
515714,7.24
233114,14.11
802829,8.4
685397,14.29
783196,16.35
381369,15.75
625359,8.28
373464,16.25
731235,12.94
636026,12.99
179518,13.82
663993,15.82
179003,6.86
312614,6.87
722244,7.79
484009,7.08
570790,12.95
936783,7.64
130188,7.03
904158,15.82
630875,6.61
731811,12.49
198107,18.39
932347,11.37
901256,14.64
599584,15.52
559991,14.78
532172,7.81
928730,16.12
838369,15.79
625665,10.97
661119,9.23
271046,17.43
704677,10.84
843937,8.01
931995,17.17
269367,12.69
340833,15.06
970791,16.02
576307,16.61
394765,12.32
190789,18.83
882506,6.69
856167,8.05
922874,16.43
620118,8.42
396814,8.01
915536,15.21
732185,18.65
262454,15.0
493409,11.43
245339,7.52
760894,13.14
848069,14.79
398053,7.27
685718,16.22
808215,14.94
785288,7.78
143132,16.29
511261,12.5
967334,15.84
957442,10.77
123339,7.03
195417,6.98
189813,15.54
936829,5.97
715226,7.12
637195,15.0
120038,7.24
485175,13.69
643417,18.15
257322,7.83
882333,7.11
411204,17.35
803459,10.81
808283,7.17
813748,6.34
729825,17.88
152227,12.72
848918,18.82
863956,6.26
811747,7.14
976068,6.73
671171,6.9
180559,9.98
780024,15.72
424111,13.8
169485,17.8
454229,6.41
776991,11.17
227279,15.93
615971,6.59
995002,8.01
161271,16.42
151056,20.42
465889,16.2
840961,16.91
102449,15.37
413175,15.08
921891,23.65
196686,14.64
726032,15.71
454470,16.5
970543,11.05
736000,7.48
926562,17.7
135109,18.7
253207,15.07
349268,13.9
873769,9.63
612956,14.13
487534,6.57
607384,7.22
553634,13.93
492429,6.47
951123,17.16
283864,9.71
736347,9.66
765797,14.36
915761,19.37
669162,16.33
470581,16.58
113931,6.96
328170,11.98
775859,17.19
301695,8.34
945861,7.02
893035,16.87
916628,16.26
935472,14.03
914342,7.88
473422,15.27
660527,15.94
351624,7.68
762403,15.95
913392,18.76
664596,6.88
984614,7.7
268140,18.02
943253,7.71
764367,11.39
625769,13.38
369651,17.74
240123,13.63
806037,6.85
783981,16.48
507946,10.88
137983,19.42
654566,6.39
881011,6.97
107061,11.01
934145,15.55
460212,11.48
889829,10.79
687919,8.18
408029,7.95
103974,14.8
121239,6.78
474410,15.15
775136,13.69
116716,15.67
656877,7.05
803413,11.01
852331,16.23
387299,8.34
718043,13.43
283045,15.9
526757,6.66
443716,17.63
808882,7.91
555385,12.66
198583,8.32
748112,7.37
812679,11.17
559637,17.81
982380,6.94
889439,13.53
441915,12.81
320222,11.15
460446,15.63
866272,8.73
218125,16.0
748785,8.41
366904,16.73
464870,13.94
630338,16.55
731179,18.01
465347,17.31
950096,14.97
647784,18.15
461714,7.4
616893,7.88
882511,8.13
857523,7.6
309620,6.9
983262,16.26
499017,7.27
154566,8.09
296143,15.19
374418,15.81
926436,16.07
500067,14.93
616947,14.31
791715,13.89
117388,6.17
162598,12.4
452978,11.74
830691,6.39
127043,16.42
325645,6.85
922818,16.26
712095,18.65
356391,6.79
426353,7.4
802813,7.21
755938,16.38
110621,14.04
356987,15.8
257677,15.96
247284,6.9
334231,14.18
144963,7.11
151564,11.07
470438,11.63
472557,10.66
898385,10.09
921562,12.19
390559,11.62
668005,7.23
709537,15.73
668216,6.43
637582,7.14
665354,15.33
992288,11.71
976196,15.41
103895,15.12
356313,14.74
867114,7.04
881939,13.82
682599,6.0
990791,6.52
574904,11.03
931554,11.98
828465,8.0
558508,7.71
446618,14.9
540602,8.4
478985,8.5
285286,6.74
627297,18.56
834923,15.25
752165,17.07
115309,6.3
125056,12.18
584814,7.31
351338,7.28
604324,7.1
317214,7.8
334155,16.17
109710,13.11
409061,11.32
569949,7.34
363082,16.11
829532,15.49
368157,18.17
858769,14.16
387499,14.02
311426,6.88
586914,14.49
720458,13.66
633058,16.84
599067,8.21
409266,12.61
759764,7.53
688366,6.07
793746,6.41
416831,9.25
167093,15.81
374165,10.88
842668,16.55
375820,6.34
490691,8.01
782697,17.58
444118,7.89
407817,17.25
701868,15.54
416539,17.54
393737,15.37
640662,7.07
284944,7.77
331909,17.76
482268,7.71
900932,7.9
867159,15.95
788961,15.13
235481,11.11
404926,6.64
499877,8.91
163140,13.66
736274,6.93
861767,8.19
582828,11.46
263136,15.12
789658,7.07
295891,8.27
439305,14.91
793781,7.98
224740,15.83
119826,12.43
502152,16.71
222891,8.03
871434,7.03
448778,7.21
523147,8.33
519251,19.28
627414,12.48
708510,7.3
597956,11.74
750914,18.26
498615,10.55
375625,14.94
942917,18.45
853003,15.74
195754,7.73
163502,10.66
856865,6.49
213804,16.73
409472,18.08
675543,6.08
453892,7.36
660824,12.56
408616,13.73
797038,11.72
435487,7.74
699618,16.04
184009,9.22
421000,23.22
572717,7.37
224658,7.92
995858,7.84
162759,7.25
607556,6.98
839659,17.12
645299,14.16
825840,12.67
549167,7.37
855522,12.64
541204,17.83
396627,7.44
740717,16.13
847369,6.5
217940,16.89
509411,6.86
364488,15.73
694825,17.87
775209,14.86
764276,16.77
217911,13.56
949479,8.89
721103,8.26
856155,15.57
732359,8.37
419055,16.47
471644,19.39
674614,15.54
666345,6.87
630171,6.65
660095,16.48
588966,7.31
158027,13.14
530101,16.4
695015,13.57
121440,14.69
345174,10.23
177048,12.88
770619,6.44
259659,15.45
894973,15.52
818660,16.79
913630,7.56
634545,12.37
489962,16.91
942318,15.61
391145,7.22
629353,6.76
277448,7.0
108858,7.33
361052,6.44
333950,12.26
144818,12.82
724512,15.96
452542,12.33
259090,15.57
808421,7.41
783063,16.09
269539,8.43
887846,19.17
913916,6.54
492195,12.28
830616,7.56
727273,15.11
840114,8.16
167271,14.47
212556,15.49
262455,6.88
199545,16.05
636420,11.03
141299,18.77
476166,17.58
168400,14.99
443656,14.86
540703,19.11
526018,18.37
560703,13.88
874743,19.07
924410,8.01
180396,7.18
539609,16.55
490063,13.78
932120,6.58
469112,6.91
152659,17.86
282815,8.61
648253,15.3
782637,17.17
395561,8.78
429541,15.69
806676,14.98
702231,7.5
689438,7.27
781093,15.59
861029,15.07
161514,15.39
627959,14.88
406739,11.8
710062,9.3
490273,8.63
419818,13.21
866886,14.85
410944,11.33
103953,17.52
308469,7.61
493668,17.24
190079,11.84
124289,7.04
636998,14.86
777610,11.2
222409,17.25
773727,6.3
436246,6.64
772154,11.03
773709,10.3
539778,15.93
384792,19.84
217718,6.7
455705,16.43
808593,6.79
302730,14.16
837392,10.82
255690,14.29
724850,17.94
582186,16.04
223760,12.81
374323,6.55
223223,8.03
736783,14.96
132963,11.15
897886,11.64
889402,7.96
424847,12.51
130611,8.61
992454,12.87
988642,14.9
510204,11.61
468370,16.57
860618,15.63
871830,14.75
110813,7.32
538674,7.0
822682,16.04
111851,7.0
798288,17.09
675336,6.64
814776,16.13
651211,6.68
258264,7.47
666561,10.7
592049,16.12
543020,19.07
787264,6.22
642046,7.03
183098,14.98
808983,7.22
223678,17.0
177552,7.55
443480,12.83
315133,10.15
133231,7.07
421134,9.63
750286,7.49
637941,15.58
538768,15.25
491474,8.59
308188,15.53
221352,6.83
749613,12.17
345377,12.01
164644,17.39
153952,18.65
918063,19.42
340064,14.95
133137,9.06
361053,15.56
946264,8.5
586158,6.98
910809,8.18
693556,7.01
243218,14.47
721806,18.44
533546,17.29
401827,14.44
342448,6.8
815074,7.99
701144,14.21
329956,15.82
715940,6.94
513545,7.62
205359,6.78
906085,6.9
876357,7.56
479037,7.31
970926,15.34
918769,7.95
156411,18.09
730107,7.7
246542,7.13
974883,8.38
221849,12.41
934134,7.75
346580,10.04
110520,7.73
170812,11.85
310918,6.92
401739,8.02
104747,17.57
530647,17.84
444036,15.07
665392,13.6
556158,11.17
678966,15.84
252335,16.45
482913,15.64
716827,15.93
908961,10.55
106785,7.04
335851,14.58
380075,15.09
415223,15.11
575504,16.41
375993,15.55
330904,19.81
125955,15.12
932602,6.03
828442,6.95
162651,16.45
292082,12.23
801043,19.01
145275,15.48
356586,8.34
772022,6.18
842599,8.01
748258,6.82
585802,15.82
404453,16.89
540981,7.7
367038,12.65
917134,15.31
544702,7.99
966636,15.24
668237,14.52
656989,16.82
375099,11.18
712050,7.24
861223,16.37
668664,7.41
133052,17.99
176804,15.63
669788,15.36
233380,13.53
108546,8.79
160141,7.05
416887,12.13
911732,14.8
373237,17.14
467266,7.71
555858,12.54
944185,7.91
284942,11.78
659875,17.83
697686,16.82
698487,14.17
399839,16.18
947961,14.45
802819,11.64
262228,15.61
583206,14.23
124270,7.64
559495,17.23
838515,12.43
385526,15.52
495182,8.56
350120,13.56
906574,17.12
901895,13.15
308302,17.1
677101,8.9
401680,7.96
488282,6.42
493328,12.22
649812,6.75
762257,15.72
250330,15.2
882927,15.67
868285,7.07
427071,6.12
781699,15.3
647821,16.22
713748,19.1
456860,6.89
836249,13.64
140861,6.9
494307,7.97
219129,17.97
426598,8.04
105748,8.4
494451,8.15
115377,16.67
190621,7.56
816588,10.85
101235,16.42
639796,8.45
798386,18.15
621385,14.39
228108,8.31
971578,6.79
414463,8.14
629404,19.08
880355,16.71
198221,15.88
391061,7.56
865384,6.3
899773,7.37
267446,16.05
779191,14.94
354660,12.7
911910,14.08
661160,6.13
602506,14.32
380190,12.54
199880,7.83
313758,15.37
588756,14.79
137295,15.09
201729,15.84
426042,15.98
721219,13.05
554066,16.78
572100,11.76
560706,20.01
211108,15.39
866569,5.82
620167,16.07
225456,11.8
328815,12.07
178343,14.86
730552,13.19
574148,10.98
637931,15.15
390348,8.27
968631,15.28
536376,8.2
840864,8.5
655368,6.53
626902,19.42
618901,6.9
610195,6.42
500597,8.04
436961,19.88
704522,8.94
712518,16.56
434398,16.02
434946,8.21
187326,19.59
138137,10.66
797492,15.96
555961,6.15
463932,7.07
584397,19.13
852191,7.72
795565,6.95
677615,14.95
341333,12.74
598562,15.26
814082,14.0
525330,6.98
134380,10.84
370220,8.21
398233,15.45
888233,14.55
982264,7.84
217478,7.14
994828,15.14
980454,11.53
781679,12.11
760259,7.19
954087,16.28
383966,6.63
266404,14.62
929231,14.9
651321,6.94
463277,14.47
449435,17.03
679035,8.52
440883,7.45
289350,12.54
505999,17.4
260358,9.07
507002,12.7
505740,7.28
447495,7.11
740488,15.69
148451,7.91
716763,18.31
144389,15.12
147065,16.02
697481,15.86
570901,16.65
512842,7.14
580765,15.61
266143,7.74
603332,6.53
628125,15.38
308375,16.4
578909,7.15
117402,18.73
453584,6.64
937590,7.52
548063,15.19
444983,8.14
483468,7.2
627722,16.63
379138,7.84
764311,12.77
783268,6.8
470471,7.25
641613,15.9
920003,8.01
606574,14.77
321088,16.15
369294,21.06
451671,7.44
629945,6.66
110741,12.5
835659,12.48
778376,14.16
871980,15.7
397662,13.49
747042,17.33
288859,18.6
863299,7.9
465553,7.84
541273,8.25
988821,18.55
136610,17.12
859130,16.28
522346,10.59
702290,7.76
809482,6.5
588783,12.51
967762,16.53
421929,8.57
937948,7.87
484702,8.24
109373,7.96
432922,15.6
564435,7.07
252201,6.97
268138,11.39
688199,19.35
707018,10.97
654249,16.58
133188,13.93
559146,15.83
630708,11.62
415627,16.17
978502,6.68
481477,7.26
117236,6.31
919891,13.02
270495,13.27
484660,13.75
727691,15.0
973700,13.16
662332,10.4
393744,8.25
236687,8.19
230814,7.23
442317,6.15
485828,15.18
248342,15.76
928943,6.93
452883,7.26
576714,16.32
236238,15.72
835402,6.78
836675,7.76
326342,15.93
693461,15.27
563233,12.18
431123,10.94
302663,13.95
470299,8.27
774636,7.88
668571,6.4
111076,7.83
123704,17.88
808318,14.32
514196,6.37
429109,15.15
992800,14.05
874910,14.97
724009,6.94
407635,14.38
201339,7.19
345544,16.06
438026,11.84
521477,6.87
321247,7.22
375989,15.86
950694,13.03
997354,14.83
139649,7.45
226575,11.74
401882,15.98
706582,7.64
365806,14.37
104376,7.1
120942,14.31
207865,8.18
530229,11.56
106714,7.87
401524,8.44
422569,7.17
297705,12.84
